time,NO2
2023-10-15 00:00:00,7.400461e-06
2023-10-16 00:00:00,1.3367605e-05
2023-10-17 00:00:00,1.8362094e-05
2023-10-18 00:00:00,1.3714531e-05
2023-10-19 00:00:00,1.3550447e-05
2023-10-20 00:00:00,1.3000094e-05
2023-10-21 00:00:00,1.7094977e-05
2023-10-22 00:00:00,1.4534533e-05
2023-10-23 00:00:00,1.5009516e-05
2023-10-24 00:00:00,1.7770742e-05
2023-10-25 00:00:00,1.7655784e-05
2023-10-26 00:00:00,2.342568e-05
2023-10-27 00:00:00,2.060223e-05
2023-10-28 00:00:00,1.7702903e-05
2023-10-29 00:00:00,1.802243e-05
2023-10-30 00:00:00,1.4158795e-05
2023-10-31 00:00:00,1.3857832e-05
2023-11-01 00:00:00,1.5289908e-05
2023-11-02 00:00:00,1.3589961e-05
2023-11-03 00:00:00,1.2004266e-05
2023-11-04 00:00:00,1.7935396e-05
2023-11-05 00:00:00,1.0324573e-05
2023-11-06 00:00:00,1.3372222e-05
2023-11-07 00:00:00,1.4068138e-05
2023-11-08 00:00:00,2.290492e-05
2023-11-09 00:00:00,2.1682064e-05
2023-11-10 00:00:00,1.881079e-05
2023-11-12 00:00:00,1.5504373e-05
2023-11-13 00:00:00,8.9227615e-06
2023-11-14 00:00:00,1.7424982e-05
2023-11-15 00:00:00,1.474932e-05
2023-11-16 00:00:00,1.4608375e-05
2023-11-17 00:00:00,2.1776965e-05
2023-11-18 00:00:00,2.330339e-05
2023-11-19 00:00:00,1.4800456e-05
2023-11-20 00:00:00,1.5022993e-05
2023-11-21 00:00:00,1.1316292e-05
2023-11-22 00:00:00,8.067736e-06
2023-11-23 00:00:00,1.3549852e-05
2023-11-24 00:00:00,5.986336e-06
2023-11-25 00:00:00,2.1502465e-05
2023-11-26 00:00:00,1.1668811e-05
2023-11-27 00:00:00,1.8472254e-05
2023-11-28 00:00:00,
2023-11-29 00:00:00,
2023-11-30 00:00:00,1.8299921e-05
2023-12-01 00:00:00,1.7920065e-05
2023-12-02 00:00:00,9.155973e-06
2023-12-03 00:00:00,2.9228358e-05
2023-12-04 00:00:00,1.6671229e-05
2023-12-05 00:00:00,1.6016644e-05
2023-12-06 00:00:00,1.9200605e-05
2023-12-07 00:00:00,2.2574255e-05
2023-12-08 00:00:00,2.1826692e-05
2023-12-09 00:00:00,
2023-12-10 00:00:00,
2023-12-11 00:00:00,2.4361623e-05
2023-12-12 00:00:00,2.1801037e-05
2023-12-13 00:00:00,2.0157018e-05
2023-12-14 00:00:00,2.0845007e-05
2023-12-15 00:00:00,3.3620698e-05
2023-12-16 00:00:00,2.1547936e-05
2023-12-17 00:00:00,3.2092797e-05
2023-12-18 00:00:00,2.6309053e-05
2023-12-19 00:00:00,1.753382e-05
2023-12-20 00:00:00,1.5898608e-05
2023-12-21 00:00:00,1.6862037e-05
2023-12-22 00:00:00,8.549189e-06
2023-12-23 00:00:00,1.6219334e-05
2023-12-24 00:00:00,1.2826265e-05
2023-12-25 00:00:00,
2023-12-26 00:00:00,1.8789278e-05
2023-12-27 00:00:00,1.5932847e-05
2023-12-28 00:00:00,4.7307126e-06
2023-12-29 00:00:00,1.9124012e-05
2023-12-30 00:00:00,1.6569034e-05
2023-12-31 00:00:00,1.5946436e-05
2024-01-02 00:00:00,1.919348e-05
2024-01-03 00:00:00,
2024-01-04 00:00:00,1.0160626e-05
2024-01-05 00:00:00,2.4315095e-05
2024-01-06 00:00:00,2.8807894e-05
2024-01-07 00:00:00,
2024-01-08 00:00:00,6.0203465e-06
2024-01-09 00:00:00,2.5721381e-05
2024-01-10 00:00:00,2.0714835e-05
2024-01-11 00:00:00,2.1336009e-05
2024-01-12 00:00:00,3.9062637e-05
2024-01-13 00:00:00,2.0344654e-05
2024-01-14 00:00:00,
2024-01-15 00:00:00,
2024-01-16 00:00:00,
2024-01-17 00:00:00,
2024-01-18 00:00:00,1.8502986e-05
2024-01-19 00:00:00,
2024-01-20 00:00:00,
2024-01-21 00:00:00,1.2666985e-05
2024-01-22 00:00:00,1.5755377e-05
2024-01-23 00:00:00,2.5408988e-05
2024-01-24 00:00:00,
2024-01-25 00:00:00,
2024-01-26 00:00:00,1.2096015e-05
2024-01-27 00:00:00,1.4339741e-05
2024-01-28 00:00:00,1.1461451e-05
2024-01-29 00:00:00,3.1663672e-05
2024-01-30 00:00:00,5.4808784e-06
2024-01-31 00:00:00,1.2420531e-05
2024-02-01 00:00:00,1.8966643e-05
2024-02-02 00:00:00,
2024-02-03 00:00:00,
2024-02-04 00:00:00,2.6736658e-05
2024-02-05 00:00:00,1.5776744e-05
2024-02-06 00:00:00,2.8591374e-05
2024-02-07 00:00:00,
2024-02-08 00:00:00,1.6946877e-05
2024-02-09 00:00:00,1.1763692e-05
2024-02-10 00:00:00,1.9385418e-05
2024-02-11 00:00:00,2.0737816e-05
2024-02-12 00:00:00,1.8941979e-05
2024-02-13 00:00:00,2.2590484e-05
2024-02-14 00:00:00,9.8555165e-06
2024-02-15 00:00:00,1.377944e-05
2024-02-16 00:00:00,1.2587107e-05
2024-02-17 00:00:00,1.7717057e-05
2024-02-18 00:00:00,1.7793323e-05
2024-02-19 00:00:00,8.443517e-06
2024-02-20 00:00:00,1.0973834e-05
2024-02-21 00:00:00,1.6914886e-05
2024-02-22 00:00:00,2.437851e-05
2024-02-23 00:00:00,
2024-02-24 00:00:00,2.238383e-05
2024-02-25 00:00:00,
2024-02-26 00:00:00,2.6759386e-05
2024-02-27 00:00:00,1.4849309e-05
2024-02-28 00:00:00,7.978322e-06
2024-02-29 00:00:00,9.410983e-06
2024-03-01 00:00:00,1.757182e-05
2024-03-02 00:00:00,1.777481e-05
2024-03-03 00:00:00,1.5491256e-05
2024-03-04 00:00:00,1.4344447e-05
2024-03-05 00:00:00,1.2428626e-05
2024-03-06 00:00:00,1.128844e-05
2024-03-07 00:00:00,
2024-03-08 00:00:00,1.4792096e-05
2024-03-09 00:00:00,
2024-03-10 00:00:00,
2024-03-12 00:00:00,
2024-03-13 00:00:00,
2024-03-14 00:00:00,
2024-03-15 00:00:00,
2024-03-16 00:00:00,
2024-03-17 00:00:00,
2024-03-18 00:00:00,1.7469369e-05
2024-03-19 00:00:00,1.7973578e-05
2024-03-20 00:00:00,1.987334e-05
2024-03-21 00:00:00,1.2738525e-05
2024-03-22 00:00:00,1.8128978e-05
2024-03-24 00:00:00,1.4079475e-05
2024-03-25 00:00:00,
2024-03-26 00:00:00,1.3288251e-05
2024-03-27 00:00:00,1.5737469e-05
2024-03-28 00:00:00,1.0935995e-05
2024-03-29 00:00:00,8.075885e-06
2024-03-30 00:00:00,1.1407259e-05
2024-03-31 00:00:00,1.2282723e-05
2024-04-01 00:00:00,-1.7378221e-05
2024-04-02 00:00:00,9.535835e-06
2024-04-03 00:00:00,7.0495403e-06
2024-04-04 00:00:00,1.576944e-05
2024-04-05 00:00:00,1.721655e-05
2024-04-06 00:00:00,
2024-04-07 00:00:00,1.6737979e-05
2024-04-08 00:00:00,1.3063827e-05
2024-04-09 00:00:00,1.9947978e-05
2024-04-10 00:00:00,
2024-04-11 00:00:00,1.31483475e-05
2024-04-12 00:00:00,6.4952105e-06
2024-04-13 00:00:00,8.388158e-06
2024-04-14 00:00:00,1.1517145e-05
2024-04-15 00:00:00,1.1122817e-05
2024-04-16 00:00:00,1.1716806e-05
2024-04-17 00:00:00,6.724443e-06
2024-04-18 00:00:00,1.6263733e-05
2024-04-19 00:00:00,7.773598e-06
2024-04-20 00:00:00,1.2845335e-05
2024-04-21 00:00:00,1.1776314e-05
2024-04-22 00:00:00,
2024-04-23 00:00:00,1.0794215e-05
2024-04-24 00:00:00,8.6240825e-06
2024-04-25 00:00:00,
2024-04-26 00:00:00,1.07372025e-05
2024-04-27 00:00:00,1.4616709e-05
2024-04-28 00:00:00,1.4474896e-05
2024-04-29 00:00:00,1.6438764e-05
2024-04-30 00:00:00,8.0418695e-06
2024-05-01 00:00:00,1.2187855e-05
2024-05-02 00:00:00,1.731777e-05
2024-05-03 00:00:00,1.0791976e-05
2024-05-04 00:00:00,1.6857808e-05
2024-05-05 00:00:00,1.1211853e-05
2024-05-06 00:00:00,1.187291e-05
2024-05-07 00:00:00,1.1624262e-05
2024-05-08 00:00:00,1.3367082e-05
2024-05-09 00:00:00,1.6611613e-05
2024-05-10 00:00:00,7.4529585e-06
2024-05-11 00:00:00,1.5187096e-05
2024-05-12 00:00:00,1.1174853e-05
2024-05-13 00:00:00,1.975919e-05
2024-05-14 00:00:00,1.5670508e-05
2024-05-15 00:00:00,1.1624015e-05
2024-05-16 00:00:00,1.2644637e-05
2024-05-17 00:00:00,1.1401394e-05
2024-05-18 00:00:00,8.64642e-06
2024-05-19 00:00:00,1.2009608e-05
2024-05-20 00:00:00,1.1539958e-05
2024-05-21 00:00:00,1.2282403e-05
2024-05-22 00:00:00,1.6361166e-05
2024-05-23 00:00:00,1.1979287e-05
2024-05-24 00:00:00,1.3739083e-05
2024-05-25 00:00:00,1.5165488e-05
2024-05-26 00:00:00,9.4848965e-06
2024-05-27 00:00:00,1.4658603e-05
2024-05-28 00:00:00,8.461232e-06
2024-05-29 00:00:00,1.0323545e-05
2024-05-30 00:00:00,1.1538204e-05
2024-05-31 00:00:00,8.954104e-06
2024-06-01 00:00:00,1.4176482e-05
2024-06-02 00:00:00,1.678753e-05
2024-06-03 00:00:00,1.2934571e-05
2024-06-04 00:00:00,7.53521e-06
2024-06-05 00:00:00,1.5897844e-05
2024-06-06 00:00:00,7.851787e-06
2024-06-07 00:00:00,1.4497306e-05
2024-06-08 00:00:00,1.0259346e-05
2024-06-09 00:00:00,5.644029e-06
2024-06-10 00:00:00,1.2155102e-05
2024-06-11 00:00:00,7.968392e-06
2024-06-12 00:00:00,9.881343e-06
2024-06-13 00:00:00,1.4551489e-05
2024-06-14 00:00:00,1.4464186e-05
2024-06-15 00:00:00,8.578976e-06
2024-06-16 00:00:00,6.226213e-06
2024-06-17 00:00:00,9.126112e-06
2024-06-18 00:00:00,8.2690685e-06
2024-06-19 00:00:00,1.598815e-05
2024-06-20 00:00:00,1.1864637e-05
2024-06-21 00:00:00,1.7448645e-05
2024-06-22 00:00:00,1.40909315e-05
2024-06-23 00:00:00,1.6608346e-05
2024-06-24 00:00:00,
2024-06-25 00:00:00,1.0319429e-05
2024-06-26 00:00:00,1.6176898e-05
2024-06-27 00:00:00,4.3283803e-06
2024-06-28 00:00:00,9.928203e-06
2024-06-29 00:00:00,1.4539726e-05
2024-06-30 00:00:00,1.3677098e-05
2024-07-01 00:00:00,2.2784408e-05
2024-07-02 00:00:00,
2024-07-03 00:00:00,
2024-07-04 00:00:00,
2024-07-05 00:00:00,7.690414e-06
2024-07-06 00:00:00,6.4928045e-06
2024-07-07 00:00:00,7.936042e-06
2024-07-08 00:00:00,1.32451505e-05
2024-07-09 00:00:00,1.2878925e-05
2024-07-10 00:00:00,7.1016602e-06
2024-07-11 00:00:00,1.3021632e-05
2024-07-12 00:00:00,1.6492511e-05
2024-07-13 00:00:00,1.330438e-05
2024-07-14 00:00:00,1.619313e-05
2024-07-15 00:00:00,1.525453e-05
2024-07-16 00:00:00,1.3981368e-05
2024-07-17 00:00:00,1.0120885e-05
2024-07-18 00:00:00,8.677276e-06
2024-07-19 00:00:00,1.3787617e-05
2024-07-20 00:00:00,1.5100161e-05
2024-07-21 00:00:00,8.942703e-06
2024-07-22 00:00:00,1.0428805e-05
2024-07-23 00:00:00,1.2240026e-05
2024-07-24 00:00:00,1.3507715e-05
2024-07-25 00:00:00,1.5784033e-05
2024-07-26 00:00:00,1.3067291e-05
2024-07-27 00:00:00,1.0467061e-05
2024-07-28 00:00:00,9.517592e-06
2024-07-29 00:00:00,7.3358406e-06
2024-07-30 00:00:00,1.4263195e-05
2024-07-31 00:00:00,9.11992e-06
2024-08-01 00:00:00,1.1086082e-05
2024-08-02 00:00:00,1.3698335e-05
2024-08-03 00:00:00,6.884636e-06
2024-08-04 00:00:00,1.8088602e-05
2024-08-05 00:00:00,1.6795471e-05
2024-08-06 00:00:00,1.189518e-05
2024-08-07 00:00:00,1.577412e-05
2024-08-08 00:00:00,1.8250475e-05
2024-08-09 00:00:00,1.2053966e-05
2024-08-10 00:00:00,1.05710415e-05
2024-08-11 00:00:00,1.6263715e-05
2024-08-13 00:00:00,1.2015445e-05
2024-08-14 00:00:00,9.588165e-06
2024-08-15 00:00:00,1.4721099e-05
2024-08-16 00:00:00,1.4604049e-05
2024-08-17 00:00:00,1.1290648e-05
2024-08-18 00:00:00,1.273163e-05
2024-08-19 00:00:00,1.1107027e-05
2024-08-20 00:00:00,1.5593847e-05
2024-08-21 00:00:00,1.4910979e-05
2024-08-22 00:00:00,1.5251787e-05
2024-08-23 00:00:00,7.3651477e-06
2024-08-24 00:00:00,1.4081882e-05
2024-08-25 00:00:00,1.2022681e-05
2024-08-26 00:00:00,1.5808115e-05
2024-08-27 00:00:00,1.5509018e-05
2024-08-28 00:00:00,
2024-08-29 00:00:00,1.7021615e-05
2024-08-30 00:00:00,1.0117401e-05
2024-08-31 00:00:00,1.9554347e-05
2024-09-01 00:00:00,1.2155569e-05
2024-09-02 00:00:00,9.532947e-06
2024-09-03 00:00:00,9.010608e-06
2024-09-04 00:00:00,4.8184643e-06
2024-09-05 00:00:00,1.5251192e-05
2024-09-06 00:00:00,1.5297624e-05
2024-09-07 00:00:00,1.0177197e-05
2024-09-08 00:00:00,1.0991715e-05
2024-09-09 00:00:00,1.1011747e-05
2024-09-10 00:00:00,1.3076657e-05
2024-09-11 00:00:00,1.3723786e-05
2024-09-12 00:00:00,1.4609626e-05
2024-09-13 00:00:00,1.52283965e-05
2024-09-14 00:00:00,1.3731815e-05
2024-09-15 00:00:00,1.2438788e-05
2024-09-16 00:00:00,1.5048162e-05
2024-09-17 00:00:00,1.8442031e-05
2024-09-18 00:00:00,1.9590727e-05
2024-09-19 00:00:00,2.7573566e-05
2024-09-20 00:00:00,1.183399e-05
2024-09-21 00:00:00,8.8467705e-06
2024-09-22 00:00:00,1.349986e-05
2024-09-23 00:00:00,1.1020966e-05
2024-09-24 00:00:00,1.2817775e-05
2024-09-25 00:00:00,1.5519941e-05
2024-09-26 00:00:00,1.51082595e-05
2024-09-27 00:00:00,1.4691059e-05
2024-09-28 00:00:00,1.3382527e-05
2024-09-29 00:00:00,1.46454e-05
2024-09-30 00:00:00,1.32556925e-05
2024-10-01 00:00:00,7.945624e-06
2024-10-02 00:00:00,1.457366e-05
2024-10-03 00:00:00,9.741468e-06
2024-10-04 00:00:00,1.6422524e-05
2024-10-05 00:00:00,1.1972359e-05
2024-10-06 00:00:00,1.1302357e-05
2024-10-07 00:00:00,1.33048225e-05
2024-10-08 00:00:00,1.29480695e-05
2024-10-09 00:00:00,1.3322682e-05
2024-10-10 00:00:00,1.101882e-05
2024-10-11 00:00:00,5.4508896e-06
2024-10-12 00:00:00,1.4200774e-05
2024-10-13 00:00:00,1.7813278e-05
2024-10-14 00:00:00,1.553351e-05
2024-10-15 00:00:00,1.767625e-05
2024-10-16 00:00:00,1.8379951e-05
2024-10-17 00:00:00,1.681713e-05
2024-10-18 00:00:00,1.1938171e-05
2024-10-19 00:00:00,8.652978e-06
2024-10-20 00:00:00,1.14152635e-05
2024-10-21 00:00:00,1.8779998e-06
2024-10-22 00:00:00,1.580413e-05
2024-10-23 00:00:00,1.2185712e-05
2024-10-24 00:00:00,2.149437e-05
2024-10-25 00:00:00,2.0310303e-05
2024-10-26 00:00:00,1.1484467e-05
2024-10-27 00:00:00,1.4556216e-05
2024-10-28 00:00:00,1.5614998e-05
2024-10-29 00:00:00,1.6658241e-05
2024-10-30 00:00:00,8.19858e-06
2024-10-31 00:00:00,1.1163003e-05
2024-11-01 00:00:00,
2024-11-02 00:00:00,5.004464e-06
2024-11-03 00:00:00,6.7365486e-06
2024-11-04 00:00:00,1.8800161e-05
2024-11-05 00:00:00,1.5953225e-05
2024-11-06 00:00:00,1.4529354e-05
2024-11-07 00:00:00,1.0600904e-05
2024-11-08 00:00:00,9.735676e-06
2024-11-09 00:00:00,1.7829323e-05
2024-11-10 00:00:00,
2024-11-11 00:00:00,
2024-11-12 00:00:00,1.3757067e-05
2024-11-13 00:00:00,1.2907261e-05
2024-11-14 00:00:00,1.2428839e-05
2024-11-15 00:00:00,1.127649e-05
2024-11-16 00:00:00,1.4994438e-05
2024-11-17 00:00:00,7.0643887e-06
2024-11-18 00:00:00,8.224664e-06
2024-11-19 00:00:00,9.396816e-06
2024-11-20 00:00:00,1.38149135e-05
2024-11-21 00:00:00,1.5700996e-05
2024-11-22 00:00:00,9.883802e-06
2024-11-23 00:00:00,1.6464042e-05
2024-11-24 00:00:00,2.0790003e-05
2024-11-25 00:00:00,7.624814e-06
2024-11-26 00:00:00,
2024-11-27 00:00:00,
2024-11-28 00:00:00,2.0752239e-05
2024-11-29 00:00:00,
2024-11-30 00:00:00,1.8772213e-05
2024-12-01 00:00:00,
2024-12-02 00:00:00,
2024-12-03 00:00:00,1.623316e-05
2024-12-04 00:00:00,
2024-12-05 00:00:00,2.5489717e-05
2024-12-06 00:00:00,
2024-12-07 00:00:00,
2024-12-08 00:00:00,2.3561272e-05
2024-12-09 00:00:00,
2024-12-10 00:00:00,1.5760412e-05
2024-12-11 00:00:00,4.2927968e-05
2024-12-12 00:00:00,2.9746025e-05
2024-12-13 00:00:00,
2024-12-14 00:00:00,
2024-12-15 00:00:00,
2024-12-16 00:00:00,
2024-12-17 00:00:00,
2024-12-18 00:00:00,
2024-12-19 00:00:00,1.8816463e-05
2024-12-20 00:00:00,2.1673404e-05
2024-12-21 00:00:00,3.1905332e-05
2024-12-22 00:00:00,
2024-12-23 00:00:00,1.9506595e-05
2024-12-24 00:00:00,2.3735174e-05
2024-12-25 00:00:00,
2024-12-26 00:00:00,3.443241e-05
2024-12-27 00:00:00,2.4930416e-05
2024-12-28 00:00:00,
2024-12-29 00:00:00,
2024-12-30 00:00:00,1.5371334e-05
2024-12-31 00:00:00,
2025-01-01 00:00:00,
2025-01-02 00:00:00,
2025-01-03 00:00:00,1.3497742e-05
2025-01-04 00:00:00,2.6750495e-05
2025-01-05 00:00:00,
2025-01-06 00:00:00,2.135204e-05
2025-01-07 00:00:00,1.8987315e-05
2025-01-08 00:00:00,1.2600329e-05
2025-01-09 00:00:00,2.2386097e-05
2025-01-10 00:00:00,2.0458823e-05
2025-01-11 00:00:00,2.2909859e-05
2025-01-12 00:00:00,1.9125362e-05
2025-01-13 00:00:00,
2025-01-14 00:00:00,1.35260725e-05
2025-01-15 00:00:00,
2025-01-16 00:00:00,
2025-01-17 00:00:00,
2025-01-18 00:00:00,1.856807e-05
2025-01-19 00:00:00,
2025-01-20 00:00:00,
2025-01-21 00:00:00,1.7863273e-05
2025-01-22 00:00:00,
2025-01-23 00:00:00,
2025-01-24 00:00:00,
2025-01-25 00:00:00,1.5664225e-05
2025-01-26 00:00:00,2.1024156e-05
2025-01-27 00:00:00,
2025-01-28 00:00:00,
2025-01-29 00:00:00,
2025-02-01 00:00:00,1.21519515e-05
2025-02-02 00:00:00,
2025-02-03 00:00:00,1.6020052e-05
2025-02-04 00:00:00,1.0442433e-05
2025-02-05 00:00:00,2.0832871e-05
2025-02-06 00:00:00,1.3564066e-05
2025-02-07 00:00:00,
2025-02-08 00:00:00,1.6439511e-05
2025-02-09 00:00:00,
2025-02-10 00:00:00,
2025-02-11 00:00:00,1.985865e-05
2025-02-12 00:00:00,2.8565737e-05
2025-02-13 00:00:00,1.479331e-05
2025-02-14 00:00:00,1.5661904e-05
2025-02-15 00:00:00,1.7021048e-05
2025-02-16 00:00:00,1.8205628e-05
2025-02-17 00:00:00,1.0690884e-05
2025-02-18 00:00:00,1.6128817e-05
2025-02-19 00:00:00,1.9203088e-05
2025-02-20 00:00:00,
2025-02-21 00:00:00,
2025-02-22 00:00:00,2.2065244e-05
2025-02-23 00:00:00,1.6092152e-05
2025-02-24 00:00:00,1.5090304e-05
2025-02-25 00:00:00,1.149432e-05
2025-02-26 00:00:00,2.0004176e-05
2025-02-27 00:00:00,7.329883e-06
2025-02-28 00:00:00,1.3415899e-05
2025-03-01 00:00:00,1.3426195e-05
2025-03-02 00:00:00,1.0013206e-05
2025-03-03 00:00:00,8.514802e-06
2025-03-04 00:00:00,4.834259e-06
2025-03-05 00:00:00,1.6348089e-05
2025-03-06 00:00:00,6.2949944e-06
2025-03-07 00:00:00,1.5320165e-05
2025-03-08 00:00:00,1.13333035e-05
2025-03-09 00:00:00,
2025-03-10 00:00:00,
2025-03-11 00:00:00,6.6452385e-06
2025-03-12 00:00:00,1.0696456e-05
2025-03-13 00:00:00,1.49783755e-05
2025-03-14 00:00:00,
2025-03-15 00:00:00,2.1722662e-05
2025-03-16 00:00:00,1.6989601e-05
2025-03-17 00:00:00,
2025-03-18 00:00:00,1.7803392e-05
2025-03-19 00:00:00,2.3574927e-05
2025-03-20 00:00:00,2.4956316e-05
2025-03-21 00:00:00,2.2524971e-05
2025-03-22 00:00:00,
2025-03-23 00:00:00,
2025-03-24 00:00:00,2.4344867e-05
2025-03-25 00:00:00,1.5501291e-05
2025-03-26 00:00:00,1.7669612e-05
2025-03-27 00:00:00,2.2733668e-05
2025-03-28 00:00:00,1.0506875e-05
2025-03-29 00:00:00,
2025-03-30 00:00:00,
2025-03-31 00:00:00,5.526648e-07
2025-04-01 00:00:00,1.6795842e-05
2025-04-02 00:00:00,1.050989e-05
2025-04-03 00:00:00,2.0648042e-05
2025-04-04 00:00:00,1.8075028e-05
2025-04-05 00:00:00,
2025-04-06 00:00:00,1.357315e-05
2025-04-07 00:00:00,9.25992e-06
2025-04-08 00:00:00,1.1284807e-05
2025-04-09 00:00:00,3.6211475e-06
2025-04-10 00:00:00,8.568662e-06
2025-04-11 00:00:00,7.557394e-06
2025-04-12 00:00:00,7.695182e-06
2025-04-13 00:00:00,1.2023014e-05
2025-04-14 00:00:00,8.691368e-06
2025-04-15 00:00:00,8.765971e-06
2025-04-16 00:00:00,6.8979716e-06
2025-04-17 00:00:00,1.1368824e-05
2025-04-18 00:00:00,1.2277045e-05
2025-04-19 00:00:00,2.4860734e-05
2025-04-20 00:00:00,1.0158905e-05
2025-04-21 00:00:00,
2025-04-22 00:00:00,2.5577869e-05
2025-04-23 00:00:00,1.5765667e-05
2025-04-24 00:00:00,9.741261e-06
2025-04-25 00:00:00,1.4093468e-05
2025-04-26 00:00:00,1.0747897e-05
2025-04-27 00:00:00,1.41323035e-05
2025-04-28 00:00:00,1.6088217e-05
2025-04-29 00:00:00,1.8069091e-05
2025-04-30 00:00:00,1.1137305e-05
2025-05-01 00:00:00,1.1892377e-05
2025-05-02 00:00:00,4.451893e-06
2025-05-03 00:00:00,1.1651073e-05
2025-05-04 00:00:00,1.4038275e-05
2025-05-05 00:00:00,8.339536e-06
2025-05-06 00:00:00,2.0798096e-05
2025-05-07 00:00:00,1.2151359e-05
2025-05-08 00:00:00,
2025-05-09 00:00:00,
2025-05-10 00:00:00,1.4019479e-05
2025-05-11 00:00:00,1.2671317e-05
2025-05-12 00:00:00,1.732385e-05
2025-05-13 00:00:00,
2025-05-14 00:00:00,1.16857755e-05
2025-05-15 00:00:00,7.954908e-06
2025-05-16 00:00:00,1.1039479e-05
2025-05-17 00:00:00,1.3868015e-05
2025-05-18 00:00:00,2.680154e-05
2025-05-19 00:00:00,5.4366133e-06
2025-05-20 00:00:00,1.079208e-05
2025-05-21 00:00:00,1.720649e-05
2025-05-22 00:00:00,
2025-05-23 00:00:00,
2025-05-24 00:00:00,2.2768668e-06
2025-05-25 00:00:00,9.578194e-06
2025-05-26 00:00:00,
2025-05-27 00:00:00,
2025-05-28 00:00:00,1.814234e-05
2025-05-29 00:00:00,6.2013164e-06
2025-05-30 00:00:00,1.7181752e-05
2025-05-31 00:00:00,1.5742335e-05
2025-06-01 00:00:00,
2025-06-02 00:00:00,1.2574407e-05
2025-06-03 00:00:00,8.20669e-06
2025-06-04 00:00:00,1.3580001e-05
2025-06-05 00:00:00,1.15641315e-05
2025-06-06 00:00:00,1.12088455e-05
2025-06-07 00:00:00,5.179112e-06
2025-06-08 00:00:00,1.2547877e-05
2025-06-09 00:00:00,1.2545965e-05
2025-06-10 00:00:00,1.1049372e-05
2025-06-11 00:00:00,1.18360995e-05
2025-06-12 00:00:00,9.395992e-06
2025-06-13 00:00:00,6.96165e-06
2025-06-14 00:00:00,1.783492e-05
2025-06-15 00:00:00,9.834893e-06
2025-06-16 00:00:00,1.3334241e-05
2025-06-17 00:00:00,1.4975661e-05
2025-06-18 00:00:00,1.5127368e-05
2025-06-19 00:00:00,2.9760024e-05
2025-06-20 00:00:00,
2025-06-21 00:00:00,1.0036583e-05
2025-06-22 00:00:00,3.3272577e-06
2025-06-23 00:00:00,6.297527e-06
2025-06-24 00:00:00,1.2203143e-05
2025-06-25 00:00:00,1.2742544e-05
2025-06-26 00:00:00,9.931484e-06
2025-06-27 00:00:00,8.764389e-06
2025-06-28 00:00:00,1.115275e-05
2025-06-29 00:00:00,
2025-06-30 00:00:00,4.0723444e-06
2025-07-01 00:00:00,1.2483215e-05
2025-07-02 00:00:00,1.31627785e-05
2025-07-03 00:00:00,2.4677744e-05
2025-07-04 00:00:00,1.1387828e-05
2025-07-05 00:00:00,1.0506947e-05
2025-07-06 00:00:00,1.7508379e-05
2025-07-07 00:00:00,1.178426e-05
2025-07-08 00:00:00,1.3489973e-05
2025-07-09 00:00:00,7.96715e-06
2025-07-10 00:00:00,1.327172e-05
2025-07-11 00:00:00,1.0221039e-05
2025-07-12 00:00:00,3.5766548e-06
2025-07-13 00:00:00,7.2997786e-06
2025-07-14 00:00:00,1.210128e-05
2025-07-15 00:00:00,1.2666201e-05
2025-07-16 00:00:00,9.525073e-06
2025-07-17 00:00:00,1.2341303e-05
2025-07-18 00:00:00,1.41717255e-05
2025-07-19 00:00:00,1.3802526e-05
2025-07-20 00:00:00,1.0449459e-05
2025-07-21 00:00:00,7.1239474e-06
2025-07-22 00:00:00,8.22256e-06
2025-07-23 00:00:00,9.197442e-06
2025-07-24 00:00:00,9.6855165e-06
2025-07-25 00:00:00,8.4222675e-06
2025-07-26 00:00:00,1.00550205e-05
2025-07-27 00:00:00,1.1754785e-05
2025-07-28 00:00:00,1.1988193e-05
2025-07-29 00:00:00,1.3170348e-05
2025-07-30 00:00:00,8.989856e-06
2025-07-31 00:00:00,9.215956e-06
2025-08-01 00:00:00,3.4166326e-06
2025-08-02 00:00:00,9.650334e-06
2025-08-03 00:00:00,8.917824e-06
2025-08-04 00:00:00,1.4835672e-05
2025-08-05 00:00:00,1.7347846e-05
2025-08-06 00:00:00,9.106594e-06
2025-08-07 00:00:00,8.102807e-06
2025-08-08 00:00:00,9.856977e-06
2025-08-09 00:00:00,1.2085514e-05
2025-08-10 00:00:00,1.1875623e-05
2025-08-11 00:00:00,1.3158267e-05
2025-08-12 00:00:00,1.1900794e-05
2025-08-13 00:00:00,1.0777264e-05
2025-08-14 00:00:00,1.4163086e-05
2025-08-15 00:00:00,1.15232715e-05
2025-08-16 00:00:00,1.0002336e-05
2025-08-17 00:00:00,1.0514612e-05
2025-08-18 00:00:00,9.531584e-06
2025-08-19 00:00:00,1.2997117e-05
2025-08-20 00:00:00,1.0591748e-05
2025-08-21 00:00:00,1.5920383e-05
2025-08-22 00:00:00,1.5359257e-05
2025-08-23 00:00:00,1.1051379e-05
2025-08-24 00:00:00,1.2811205e-05
2025-08-25 00:00:00,1.0043782e-05
2025-08-26 00:00:00,9.605598e-06
2025-08-27 00:00:00,1.8054203e-05
2025-08-28 00:00:00,7.748614e-06
2025-08-29 00:00:00,1.0139605e-05
2025-08-30 00:00:00,1.4233293e-05
2025-08-31 00:00:00,9.761168e-06
2025-09-01 00:00:00,8.036863e-06
2025-09-02 00:00:00,8.15834e-06
2025-09-03 00:00:00,1.0535255e-05
2025-09-04 00:00:00,1.0831619e-05
2025-09-05 00:00:00,1.0247292e-05
2025-09-06 00:00:00,6.303555e-06
2025-09-07 00:00:00,1.4415083e-05
2025-09-08 00:00:00,9.0824715e-06
2025-09-09 00:00:00,1.7046797e-05
2025-09-10 00:00:00,9.802637e-06
2025-09-11 00:00:00,7.4179075e-06
2025-09-12 00:00:00,1.3705762e-05
2025-09-13 00:00:00,9.740265e-06
2025-09-14 00:00:00,1.6243795e-05
2025-09-15 00:00:00,9.846399e-06
2025-09-16 00:00:00,1.1770903e-05
2025-09-17 00:00:00,8.698771e-06
2025-09-18 00:00:00,6.409356e-06
2025-09-19 00:00:00,8.285997e-06
2025-09-20 00:00:00,9.946137e-06
2025-09-21 00:00:00,1.2867373e-05
2025-09-22 00:00:00,8.176386e-06
2025-09-23 00:00:00,1.6311791e-05
2025-09-24 00:00:00,1.6576836e-05
2025-09-25 00:00:00,1.2633153e-05
2025-09-26 00:00:00,1.1440246e-05
2025-09-27 00:00:00,1.2192192e-05
2025-09-28 00:00:00,7.856709e-06
2025-09-29 00:00:00,1.1582624e-05
2025-09-30 00:00:00,
2025-10-01 00:00:00,7.1527124e-06
2025-10-02 00:00:00,1.612729e-05
2025-10-03 00:00:00,1.52480825e-05
2025-10-04 00:00:00,1.3765734e-05
2025-10-05 00:00:00,9.216439e-06
2025-10-06 00:00:00,1.3325246e-05
2025-10-07 00:00:00,2.1122883e-05
2025-10-08 00:00:00,1.0609346e-05
2025-10-09 00:00:00,1.4046565e-05
2025-10-10 00:00:00,1.6517597e-05
2025-10-11 00:00:00,9.02135e-06
2025-10-12 00:00:00,1.0527068e-05
2025-10-13 00:00:00,1.5294156e-05
2025-10-14 00:00:00,1.3443688e-05
2025-10-15 00:00:00,8.32922e-06
2025-10-16 00:00:00,1.693741e-05
2025-10-17 00:00:00,1.18610105e-05
2025-10-18 00:00:00,1.2198366e-05
